,year,local_authority_id,pedal_cycles,longitude,latitude,geometry
1276,2018,29,114,-3.12196126,55.94298904,POINT (-347535.13773952675 7547074.747529315)
1277,2019,29,125,-3.12196126,55.94298904,POINT (-347535.13773952675 7547074.747529315)
1280,2022,29,104,-3.12196126,55.94298904,POINT (-347535.13773952675 7547074.747529315)
1281,2023,29,102,-3.12196126,55.94298904,POINT (-347535.13773952675 7547074.747529315)
1282,2024,29,104,-3.12196126,55.94298904,POINT (-347535.13773952675 7547074.747529315)
1386,2018,29,123,-3.29838145,55.9419292,POINT (-367174.1434559793 7546864.076923776)
1387,2019,29,135,-3.29838145,55.9419292,POINT (-367174.1434559793 7546864.076923776)
1390,2022,29,112,-3.29838145,55.9419292,POINT (-367174.1434559793 7546864.076923776)
1391,2023,29,111,-3.29838145,55.9419292,POINT (-367174.1434559793 7546864.076923776)
1392,2024,29,112,-3.29838145,55.9419292,POINT (-367174.1434559793 7546864.076923776)
1461,2018,29,220,-3.23799972,55.93123034,POINT (-360452.4800191624 7544737.72460359)
1462,2019,29,241,-3.23799972,55.93123034,POINT (-360452.4800191624 7544737.72460359)
1465,2022,29,240,-3.23799972,55.93123034,POINT (-360452.4800191624 7544737.72460359)
1466,2023,29,236,-3.23799972,55.93123034,POINT (-360452.4800191624 7544737.72460359)
1467,2024,29,239,-3.23799972,55.93123034,POINT (-360452.4800191624 7544737.72460359)
2381,2018,36,70,-3.16849043,55.88194999,POINT (-352714.7412509604 7534951.040866839)
2382,2019,36,77,-3.16849043,55.88194999,POINT (-352714.7412509604 7534951.040866839)
2385,2022,36,64,-3.16849043,55.88194999,POINT (-352714.7412509604 7534951.040866839)
2386,2023,36,63,-3.16849043,55.88194999,POINT (-352714.7412509604 7534951.040866839)
2387,2024,36,64,-3.16849043,55.88194999,POINT (-352714.7412509604 7534951.040866839)
4125,2018,29,119,-3.17936066,55.97673155,POINT (-353924.8097193662 7553784.959582749)
4126,2019,29,130,-3.17936066,55.97673155,POINT (-353924.8097193662 7553784.959582749)
4129,2022,29,109,-3.17936066,55.97673155,POINT (-353924.8097193662 7553784.959582749)
4130,2023,29,107,-3.17936066,55.97673155,POINT (-353924.8097193662 7553784.959582749)
4131,2024,29,256,-3.17960096,55.97672925,POINT (-353951.55979300383 7553784.501993285)
4150,2018,29,29,-3.31047144,55.95384138,POINT (-368519.9949864751 7549232.26254591)
4151,2019,29,32,-3.31047144,55.95384138,POINT (-368519.9949864751 7549232.26254591)
4154,2022,29,38,-3.31047144,55.95384138,POINT (-368519.9949864751 7549232.26254591)
4155,2023,29,37,-3.31047144,55.95384138,POINT (-368519.9949864751 7549232.26254591)
4156,2024,29,38,-3.31047144,55.95384138,POINT (-368519.9949864751 7549232.26254591)
5178,2018,36,22,-3.10895628,55.92437257,POINT (-346087.4299881501 7543375.081137051)
5179,2019,36,26,-3.10895628,55.92437257,POINT (-346087.4299881501 7543375.081137051)
5182,2022,36,24,-3.10895628,55.92437257,POINT (-346087.4299881501 7543375.081137051)
5183,2023,36,23,-3.10895628,55.92437257,POINT (-346087.4299881501 7543375.081137051)
5184,2024,36,22,-3.10895628,55.92437257,POINT (-346087.4299881501 7543375.081137051)
6779,2018,29,979,-3.18649072,55.9479107,POINT (-354718.5243678917 7548053.13027305)
6780,2019,29,1074,-3.18649072,55.9479107,POINT (-354718.5243678917 7548053.13027305)
6783,2022,29,808,-3.18632404,55.94769666,POINT (-354699.9696351662 7548010.578416265)
6784,2023,29,794,-3.18632404,55.94769666,POINT (-354699.9696351662 7548010.578416265)
6785,2024,29,803,-3.18632404,55.94769666,POINT (-354699.9696351662 7548010.578416265)
6886,2018,29,503,-3.21213135,55.9485599,POINT (-357572.8262431104 7548182.194809343)
6887,2019,29,552,-3.21213135,55.9485599,POINT (-357572.8262431104 7548182.194809343)
6890,2022,29,581,-3.21213135,55.9485599,POINT (-357572.8262431104 7548182.194809343)
6891,2023,29,571,-3.21213135,55.9485599,POINT (-357572.8262431104 7548182.194809343)
6892,2024,29,578,-3.21213135,55.9485599,POINT (-357572.8262431104 7548182.194809343)
6961,2018,29,60,-3.12142792,55.91293795,POINT (-347475.76660230703 7541103.5506139975)
6962,2019,29,73,-3.12142792,55.91293795,POINT (-347475.76660230703 7541103.5506139975)
6965,2022,29,68,-3.12142792,55.91293795,POINT (-347475.76660230703 7541103.5506139975)
6966,2023,29,64,-3.12142792,55.91293795,POINT (-347475.76660230703 7541103.5506139975)
6967,2024,29,62,-3.12142792,55.91293795,POINT (-347475.76660230703 7541103.5506139975)
7447,2018,29,66,-3.28967157,55.96119556,POINT (-366204.5640495088 7550694.664662956)
7448,2019,29,72,-3.28967157,55.96119556,POINT (-366204.5640495088 7550694.664662956)
7451,2022,29,59,-3.28967157,55.96119556,POINT (-366204.5640495088 7550694.664662956)
7452,2023,29,58,-3.28967157,55.96119556,POINT (-366204.5640495088 7550694.664662956)
7453,2024,29,58,-3.28967157,55.96119556,POINT (-366204.5640495088 7550694.664662956)
9794,2018,29,70,-3.21951195,55.97957542,POINT (-358394.43087685923 7554350.773855061)
9795,2019,29,77,-3.21951195,55.97957542,POINT (-358394.43087685923 7554350.773855061)
9798,2022,29,64,-3.21951195,55.97957542,POINT (-358394.43087685923 7554350.773855061)
9799,2023,29,63,-3.21951195,55.97957542,POINT (-358394.43087685923 7554350.773855061)
9800,2024,29,64,-3.21951195,55.97957542,POINT (-358394.43087685923 7554350.773855061)
12255,2018,29,125,-3.20194823,55.8938479,POINT (-356439.2465100236 7537312.732265221)
12256,2019,29,142,-3.20194823,55.8938479,POINT (-356439.2465100236 7537312.732265221)
12259,2022,29,157,-3.20194823,55.8938479,POINT (-356439.2465100236 7537312.732265221)
12260,2023,29,147,-3.20194823,55.8938479,POINT (-356439.2465100236 7537312.732265221)
12261,2024,29,138,-3.20194823,55.8938479,POINT (-356439.2465100236 7537312.732265221)
12750,2018,29,311,-3.16930266,55.93549504,POINT (-352805.15828096744 7545585.244963778)
12751,2019,29,342,-3.16930266,55.93549504,POINT (-352805.15828096744 7545585.244963778)
12754,2022,29,285,-3.16930266,55.93549504,POINT (-352805.15828096744 7545585.244963778)
12755,2023,29,281,-3.16930266,55.93549504,POINT (-352805.15828096744 7545585.244963778)
12756,2024,29,284,-3.16930266,55.93549504,POINT (-352805.15828096744 7545585.244963778)
12820,2018,29,225,-3.24828393,55.93247431,POINT (-361597.3130395735 7544984.928112193)
12821,2019,29,247,-3.24828393,55.93247431,POINT (-361597.3130395735 7544984.928112193)
12824,2022,29,206,-3.24828393,55.93247431,POINT (-361597.3130395735 7544984.928112193)
12825,2023,29,203,-3.24828393,55.93247431,POINT (-361597.3130395735 7544984.928112193)
12826,2024,29,205,-3.24828393,55.93247431,POINT (-361597.3130395735 7544984.928112193)
15444,2018,29,547,-3.1792438,55.96235637,POINT (-353911.8009236721 7550925.52082026)
15445,2019,29,600,-3.1792438,55.96235637,POINT (-353911.8009236721 7550925.52082026)
15466,2018,29,164,-3.20325065,55.97200814,POINT (-356584.2312412226 7552845.285340987)
15467,2019,29,180,-3.20325065,55.97200814,POINT (-356584.2312412226 7552845.285340987)
15470,2022,29,147,-3.20325065,55.97200814,POINT (-356584.2312412226 7552845.285340987)
15471,2023,29,144,-3.20325065,55.97200814,POINT (-356584.2312412226 7552845.285340987)
15472,2024,29,146,-3.20325065,55.97200814,POINT (-356584.2312412226 7552845.285340987)
16564,2018,29,132,-3.12111692,55.90215827,POINT (-347441.14624067035 7538962.739758607)
16565,2019,29,160,-3.12111692,55.90215827,POINT (-347441.14624067035 7538962.739758607)
16568,2022,29,149,-3.12111692,55.90215827,POINT (-347441.14624067035 7538962.739758607)
16569,2023,29,141,-3.12111692,55.90215827,POINT (-347441.14624067035 7538962.739758607)
16570,2024,29,136,-3.12111692,55.90215827,POINT (-347441.14624067035 7538962.739758607)
16675,2018,29,0,-3.21857142,55.89871622,POINT (-358289.7315561834 7538279.284672122)
18135,2018,29,276,-3.16112234,55.95632856,POINT (-351894.5292240414 7549726.815118405)
18136,2019,29,303,-3.16112234,55.95632856,POINT (-351894.5292240414 7549726.815118405)
18139,2022,29,253,-3.16112234,55.95632856,POINT (-351894.5292240414 7549726.815118405)
18140,2023,29,249,-3.16112234,55.95632856,POINT (-351894.5292240414 7549726.815118405)
18141,2024,29,252,-3.16112234,55.95632856,POINT (-351894.5292240414 7549726.815118405)
18240,2018,29,320,-3.26637387,55.94235299,POINT (-363611.0759488543 7546948.315453007)
18241,2019,29,352,-3.26637387,55.94235299,POINT (-363611.0759488543 7546948.315453007)
18244,2022,29,289,-3.26637387,55.94235299,POINT (-363611.0759488543 7546948.315453007)
18245,2023,29,285,-3.26637387,55.94235299,POINT (-363611.0759488543 7546948.315453007)
18246,2024,29,288,-3.26637387,55.94235299,POINT (-363611.0759488543 7546948.315453007)
18340,2018,36,42,-3.11503304,55.9130859,POINT (-346763.891817023 7541132.937163069)
18341,2019,36,50,-3.11503304,55.9130859,POINT (-346763.891817023 7541132.937163069)
18344,2022,36,47,-3.11503304,55.9130859,POINT (-346763.891817023 7541132.937163069)
18345,2023,36,45,-3.11503304,55.9130859,POINT (-346763.891817023 7541132.937163069)
18346,2024,36,43,-3.11503304,55.9130859,POINT (-346763.891817023 7541132.937163069)
18365,2018,29,93,-3.31438629,55.89449581,POINT (-368955.7940950071 7537441.360808546)
18366,2019,29,102,-3.31438629,55.89449581,POINT (-368955.7940950071 7537441.360808546)
18369,2022,29,123,-3.31438629,55.89449581,POINT (-368955.7940950071 7537441.360808546)
18370,2023,29,121,-3.31438629,55.89449581,POINT (-368955.7940950071 7537441.360808546)
18371,2024,29,122,-3.31438629,55.89449581,POINT (-368955.7940950071 7537441.360808546)
18702,2018,29,117,-3.24280606,55.95634076,POINT (-360987.51934054174 7549729.2410530625)
18703,2019,29,129,-3.24280606,55.95634076,POINT (-360987.51934054174 7549729.2410530625)
18706,2022,29,69,-3.2432864,55.95633591,POINT (-361040.99054474937 7549728.2766445195)
18707,2023,29,68,-3.2432864,55.95633591,POINT (-361040.99054474937 7549728.2766445195)
18708,2024,29,69,-3.2432864,55.95633591,POINT (-361040.99054474937 7549728.2766445195)
19185,2018,29,154,-3.17618392,55.97766043,POINT (-353571.17664018355 7553969.76428572)
19186,2019,29,169,-3.17618392,55.97766043,POINT (-353571.17664018355 7553969.76428572)
19189,2022,29,142,-3.17618392,55.97766043,POINT (-353571.17664018355 7553969.76428572)
19190,2023,29,139,-3.17618392,55.97766043,POINT (-353571.17664018355 7553969.76428572)
19191,2024,29,141,-3.17618392,55.97766043,POINT (-353571.17664018355 7553969.76428572)
19281,2018,36,95,-3.17619912,55.87253162,POINT (-353572.8686964436 7533082.042291614)
19282,2019,36,115,-3.17619912,55.87253162,POINT (-353572.8686964436 7533082.042291614)
19285,2022,36,122,-3.17619912,55.87253162,POINT (-353572.8686964436 7533082.042291614)
19286,2023,36,116,-3.17619912,55.87253162,POINT (-353572.8686964436 7533082.042291614)
19287,2024,36,111,-3.17619912,55.87253162,POINT (-353572.8686964436 7533082.042291614)
20983,2018,29,93,-3.20350163,55.98009226,POINT (-356612.1702070219 7554453.608426861)
20984,2019,29,102,-3.20350163,55.98009226,POINT (-356612.1702070219 7554453.608426861)
20987,2022,29,86,-3.20350163,55.98009226,POINT (-356612.1702070219 7554453.608426861)
20988,2023,29,84,-3.20350163,55.98009226,POINT (-356612.1702070219 7554453.608426861)
20989,2024,29,85,-3.20350163,55.98009226,POINT (-356612.1702070219 7554453.608426861)
21915,2018,36,75,-3.07475911,55.89142987,POINT (-342280.6184371791 7536832.703574554)
21916,2019,36,82,-3.07475911,55.89142987,POINT (-342280.6184371791 7536832.703574554)
21919,2022,36,69,-3.07475911,55.89142987,POINT (-342280.6184371791 7536832.703574554)
21920,2023,36,67,-3.07475911,55.89142987,POINT (-342280.6184371791 7536832.703574554)
21921,2024,36,68,-3.07475911,55.89142987,POINT (-342280.6184371791 7536832.703574554)
21965,2018,29,60,-3.11473129,55.93600123,POINT (-346730.3011606761 7545685.845884495)
21966,2019,29,66,-3.11473129,55.93600123,POINT (-346730.3011606761 7545685.845884495)
21969,2022,29,55,-3.11473129,55.93600123,POINT (-346730.3011606761 7545685.845884495)
21970,2023,29,54,-3.11473129,55.93600123,POINT (-346730.3011606761 7545685.845884495)
21971,2024,29,54,-3.11473129,55.93600123,POINT (-346730.3011606761 7545685.845884495)
22090,2018,29,238,-3.18624336,55.93982626,POINT (-354690.98837864905 7546446.080287479)
22091,2019,29,415,-3.1862729,55.93974511,POINT (-354694.2767564071 7546429.950739946)
22094,2022,29,347,-3.1862729,55.93974511,POINT (-354694.2767564071 7546429.950739946)
22095,2023,29,341,-3.1862729,55.93974511,POINT (-354694.2767564071 7546429.950739946)
22096,2024,29,345,-3.1862729,55.93974511,POINT (-354694.2767564071 7546429.950739946)
23339,2018,29,338,-3.169913,55.92919947,POINT (-352873.1010189782 7544334.16424905)
23340,2019,29,371,-3.169913,55.92919947,POINT (-352873.1010189782 7544334.16424905)
23343,2022,29,310,-3.169913,55.92919947,POINT (-352873.1010189782 7544334.16424905)
23344,2023,29,305,-3.169913,55.92919947,POINT (-352873.1010189782 7544334.16424905)
23345,2024,29,308,-3.169913,55.92919947,POINT (-352873.1010189782 7544334.16424905)
23453,2018,29,333,-3.20259615,55.95089953,POINT (-356511.3726344984 7548647.344093916)
23454,2019,29,365,-3.20259615,55.95089953,POINT (-356511.3726344984 7548647.344093916)
23457,2022,29,305,-3.20259615,55.95089953,POINT (-356511.3726344984 7548647.344093916)
23458,2023,29,300,-3.20259615,55.95089953,POINT (-356511.3726344984 7548647.344093916)
23459,2024,29,304,-3.20259615,55.95089953,POINT (-356511.3726344984 7548647.344093916)
23553,2018,29,305,-3.15217885,55.92487404,POINT (-350898.94447132666 7543474.715388548)
23554,2019,29,335,-3.15217885,55.92487404,POINT (-350898.94447132666 7543474.715388548)
23557,2022,29,280,-3.15217885,55.92487404,POINT (-350898.94447132666 7543474.715388548)
23558,2023,29,276,-3.15217885,55.92487404,POINT (-350898.94447132666 7543474.715388548)
23559,2024,29,279,-3.15217885,55.92487404,POINT (-350898.94447132666 7543474.715388548)
24023,2018,29,34,-3.30381063,55.96056131,POINT (-367778.51700900437 7550568.531081868)
24024,2019,29,37,-3.30381063,55.96056131,POINT (-367778.51700900437 7550568.531081868)
24027,2022,29,31,-3.30381063,55.96056131,POINT (-367778.51700900437 7550568.531081868)
24028,2023,29,31,-3.30381063,55.96056131,POINT (-367778.51700900437 7550568.531081868)
24029,2024,29,31,-3.30381063,55.96056131,POINT (-367778.51700900437 7550568.531081868)
24542,2018,29,665,-3.20652854,55.94861484,POINT (-356949.12428689894 7548193.117283302)
24543,2019,29,730,-3.20652854,55.94861484,POINT (-356949.12428689894 7548193.117283302)
24546,2022,29,911,-3.20652854,55.94861484,POINT (-356949.12428689894 7548193.117283302)
24547,2023,29,896,-3.20652854,55.94861484,POINT (-356949.12428689894 7548193.117283302)
24548,2024,29,906,-3.20652854,55.94861484,POINT (-356949.12428689894 7548193.117283302)
26140,2018,29,99,-3.16913263,55.97233633,POINT (-352786.23062794784 7552910.571685081)
26141,2019,29,109,-3.16913263,55.97233633,POINT (-352786.23062794784 7552910.571685081)
26144,2022,29,91,-3.16913263,55.97233633,POINT (-352786.23062794784 7552910.571685081)
26145,2023,29,90,-3.16913263,55.97233633,POINT (-352786.23062794784 7552910.571685081)
27158,2018,29,53,-3.12204078,55.93413775,POINT (-347543.98986543465 7545315.501705816)
27159,2019,29,123,-3.12204078,55.93413775,POINT (-347543.98986543465 7545315.501705816)
27162,2022,29,103,-3.12204078,55.93413775,POINT (-347543.98986543465 7545315.501705816)
27163,2023,29,101,-3.12204078,55.93413775,POINT (-347543.98986543465 7545315.501705816)
27164,2024,29,102,-3.12204078,55.93413775,POINT (-347543.98986543465 7545315.501705816)
27644,2018,29,153,-3.15356492,55.91767279,POINT (-351053.2410779305 7542044.063212968)
27645,2019,29,168,-3.15356492,55.91767279,POINT (-351053.2410779305 7542044.063212968)
27648,2022,29,141,-3.15356492,55.91767279,POINT (-351053.2410779305 7542044.063212968)
27649,2023,29,138,-3.15356492,55.91767279,POINT (-351053.2410779305 7542044.063212968)
27650,2024,29,140,-3.15356492,55.91767279,POINT (-351053.2410779305 7542044.063212968)
28258,2018,29,359,-3.21684925,55.94581791,POINT (-358098.020468724 7547637.086822655)
28259,2019,29,395,-3.21684925,55.94581791,POINT (-358098.020468724 7547637.086822655)
28262,2022,29,799,-3.21700988,55.94583429,POINT (-358115.9017185301 7547640.3430542955)
28263,2023,29,785,-3.21700988,55.94583429,POINT (-358115.9017185301 7547640.3430542955)
28264,2024,29,794,-3.21700988,55.94583429,POINT (-358115.9017185301 7547640.3430542955)
29579,2018,36,17,-3.0888497,55.9092769,POINT (-343849.1757409558 7540376.410760042)
29580,2019,36,21,-3.0888497,55.9092769,POINT (-343849.1757409558 7540376.410760042)
29583,2022,36,20,-3.0888497,55.9092769,POINT (-343849.1757409558 7540376.410760042)
29584,2023,36,19,-3.0888497,55.9092769,POINT (-343849.1757409558 7540376.410760042)
29585,2024,36,18,-3.0888497,55.9092769,POINT (-343849.1757409558 7540376.410760042)
29635,2018,36,15,-3.11849975,55.86677952,POINT (-347149.8042089509 7531940.807998261)
29636,2019,36,18,-3.11849975,55.86677952,POINT (-347149.8042089509 7531940.807998261)
29639,2022,36,17,-3.11849975,55.86677952,POINT (-347149.8042089509 7531940.807998261)
29640,2023,36,16,-3.11849975,55.86677952,POINT (-347149.8042089509 7531940.807998261)
29641,2024,36,15,-3.11849975,55.86677952,POINT (-347149.8042089509 7531940.807998261)
30879,2018,29,10,-3.2421782,55.96173817,POINT (-360917.6262850523 7550802.575396899)
30880,2019,29,11,-3.2421782,55.96173817,POINT (-360917.6262850523 7550802.575396899)
30883,2022,29,9,-3.2421782,55.96173817,POINT (-360917.6262850523 7550802.575396899)
30884,2023,29,9,-3.2421782,55.96173817,POINT (-360917.6262850523 7550802.575396899)
30885,2024,29,9,-3.2421782,55.96173817,POINT (-360917.6262850523 7550802.575396899)
30904,2018,29,199,-3.17278964,55.97140306,POINT (-353193.3271189738 7552724.919136627)
30905,2019,29,219,-3.17278964,55.97140306,POINT (-353193.3271189738 7552724.919136627)
30908,2022,29,183,-3.17278964,55.97140306,POINT (-353193.3271189738 7552724.919136627)
30909,2023,29,180,-3.17278964,55.97140306,POINT (-353193.3271189738 7552724.919136627)
30910,2024,29,182,-3.17278964,55.97140306,POINT (-353193.3271189738 7552724.919136627)
31712,2018,29,61,-3.12978556,55.96371829,POINT (-348406.1348313406 7551196.381568556)
31713,2019,29,67,-3.12978556,55.96371829,POINT (-348406.1348313406 7551196.381568556)
31716,2022,29,65,-3.12978556,55.96371829,POINT (-348406.1348313406 7551196.381568556)
31717,2023,29,64,-3.12978556,55.96371829,POINT (-348406.1348313406 7551196.381568556)
31718,2024,29,65,-3.12978556,55.96371829,POINT (-348406.1348313406 7551196.381568556)
32012,2018,29,134,-3.16796114,55.91753702,POINT (-352655.8209576785 7542017.09271983)
32013,2019,29,147,-3.16796114,55.91753702,POINT (-352655.8209576785 7542017.09271983)
32016,2022,29,123,-3.16796114,55.91753702,POINT (-352655.8209576785 7542017.09271983)
32017,2023,29,121,-3.16796114,55.91753702,POINT (-352655.8209576785 7542017.09271983)
32018,2024,29,122,-3.16796114,55.91753702,POINT (-352655.8209576785 7542017.09271983)
32182,2018,29,308,-3.20999811,55.93150876,POINT (-357335.3550525706 7544793.051937278)
32183,2019,29,858,-3.20999811,55.93150876,POINT (-357335.3550525706 7544793.051937278)
32186,2022,29,717,-3.20999811,55.93150876,POINT (-357335.3550525706 7544793.051937278)
32187,2023,29,705,-3.20999811,55.93150876,POINT (-357335.3550525706 7544793.051937278)
32188,2024,29,714,-3.20999811,55.93150876,POINT (-357335.3550525706 7544793.051937278)
32232,2018,36,34,-3.19289724,55.87506664,POINT (-355431.69491204864 7533585.051707454)
32233,2019,36,41,-3.19289724,55.87506664,POINT (-355431.69491204864 7533585.051707454)
32236,2022,36,39,-3.19289724,55.87506664,POINT (-355431.69491204864 7533585.051707454)
32237,2023,36,37,-3.19289724,55.87506664,POINT (-355431.69491204864 7533585.051707454)
32238,2024,36,35,-3.19289724,55.87506664,POINT (-355431.69491204864 7533585.051707454)
33531,2018,29,0,-3.13680376,55.89168131,POINT (-349187.3972816259 7536882.618192819)
33532,2019,29,0,-3.13680376,55.89168131,POINT (-349187.3972816259 7536882.618192819)
33535,2022,29,0,-3.12036672,55.89721414,POINT (-347357.6343586772 7537981.049957808)
33536,2023,29,0,-3.12036672,55.89721414,POINT (-347357.6343586772 7537981.049957808)
33537,2024,29,0,-3.12036672,55.89721414,POINT (-347357.6343586772 7537981.049957808)
33556,2018,29,0,-3.19280862,55.89303832,POINT (-355421.8297787745 7537152.010652177)
33557,2019,29,0,-3.19280862,55.89303832,POINT (-355421.8297787745 7537152.010652177)
33560,2022,29,0,-3.19280862,55.89303832,POINT (-355421.8297787745 7537152.010652177)
33561,2023,29,0,-3.19280862,55.89303832,POINT (-355421.8297787745 7537152.010652177)
33562,2024,29,0,-3.19280862,55.89303832,POINT (-355421.8297787745 7537152.010652177)
33758,2018,29,3,-3.11036984,55.9497073,POINT (-346244.7867675558 7548410.309542129)
33759,2019,29,3,-3.11036984,55.9497073,POINT (-346244.7867675558 7548410.309542129)
33762,2022,29,3,-3.11036984,55.9497073,POINT (-346244.7867675558 7548410.309542129)
33763,2023,29,3,-3.11036984,55.9497073,POINT (-346244.7867675558 7548410.309542129)
33764,2024,29,3,-3.11036984,55.9497073,POINT (-346244.7867675558 7548410.309542129)
35175,2018,29,428,-3.07932201,55.94633539,POINT (-342788.55814171967 7547739.95896253)
35176,2019,29,459,-3.07932201,55.94633539,POINT (-342788.55814171967 7547739.95896253)
35179,2022,29,383,-3.07932201,55.94633539,POINT (-342788.55814171967 7547739.95896253)
35180,2023,29,377,-3.07932201,55.94633539,POINT (-342788.55814171967 7547739.95896253)
35181,2024,29,381,-3.07932201,55.94633539,POINT (-342788.55814171967 7547739.95896253)
35200,2018,34,165,-3.07577747,55.93976233,POINT (-342393.98175382323 7546433.373421147)
35201,2019,34,177,-3.07577747,55.93976233,POINT (-342393.98175382323 7546433.373421147)
35204,2022,34,148,-3.07577747,55.93976233,POINT (-342393.98175382323 7546433.373421147)
35205,2023,34,145,-3.07577747,55.93976233,POINT (-342393.98175382323 7546433.373421147)
35206,2024,34,147,-3.07577747,55.93976233,POINT (-342393.98175382323 7546433.373421147)
35225,2018,34,0,-3.07645633,55.92960307,POINT (-342469.5521033432 7544414.363148552)
35226,2019,34,0,-3.07645633,55.92960307,POINT (-342469.5521033432 7544414.363148552)
35229,2022,34,0,-3.07645633,55.92960307,POINT (-342469.5521033432 7544414.363148552)
35230,2023,34,0,-3.07645633,55.92960307,POINT (-342469.5521033432 7544414.363148552)
35231,2024,34,0,-3.07645633,55.92960307,POINT (-342469.5521033432 7544414.363148552)
35250,2018,36,0,-3.07331737,55.9086945,POINT (-342120.1246745227 7540260.743648146)
35251,2019,36,0,-3.07331737,55.9086945,POINT (-342120.1246745227 7540260.743648146)
35254,2022,36,0,-3.09012838,55.90069347,POINT (-343991.51774744334 7538671.880960772)
35255,2023,36,0,-3.09012838,55.90069347,POINT (-343991.51774744334 7538671.880960772)
35256,2024,36,0,-3.09012838,55.90069347,POINT (-343991.51774744334 7538671.880960772)
35275,2018,36,49,-3.04950449,55.9035984,POINT (-339469.2869986014 7539248.71065271)
35276,2019,36,59,-3.04950449,55.9035984,POINT (-339469.2869986014 7539248.71065271)
35472,2018,29,26,-3.11364208,55.93151847,POINT (-346609.05085810914 7544794.981505584)
35473,2019,29,26,-3.11364208,55.93151847,POINT (-346609.05085810914 7544794.981505584)
35476,2022,29,24,-3.11364208,55.93151847,POINT (-346609.05085810914 7544794.981505584)
35477,2023,29,23,-3.11364208,55.93151847,POINT (-346609.05085810914 7544794.981505584)
35478,2024,29,22,-3.11364208,55.93151847,POINT (-346609.05085810914 7544794.981505584)
37621,2018,29,341,-3.20658162,55.9503215,POINT (-356955.0331254703 7548532.4214961855)
37622,2019,29,365,-3.20658162,55.9503215,POINT (-356955.0331254703 7548532.4214961855)
37625,2022,29,305,-3.20658162,55.9503215,POINT (-356955.0331254703 7548532.4214961855)
37626,2023,29,300,-3.20658162,55.9503215,POINT (-356955.0331254703 7548532.4214961855)
37627,2024,29,304,-3.20658162,55.9503215,POINT (-356955.0331254703 7548532.4214961855)
38571,2018,36,10,-3.10845503,55.87316016,POINT (-346031.6310933899 7533206.756801536)
38572,2019,36,11,-3.10845503,55.87316016,POINT (-346031.6310933899 7533206.756801536)
38575,2022,36,9,-3.10845503,55.87316016,POINT (-346031.6310933899 7533206.756801536)
38576,2023,36,9,-3.10845503,55.87316016,POINT (-346031.6310933899 7533206.756801536)
38577,2024,36,9,-3.10845503,55.87316016,POINT (-346031.6310933899 7533206.756801536)
38596,2018,36,77,-3.11258804,55.88354594,POINT (-346491.7156620334 7535267.789033447)
38597,2019,36,93,-3.11258804,55.88354594,POINT (-346491.7156620334 7535267.789033447)
38600,2022,36,87,-3.11258804,55.88354594,POINT (-346491.7156620334 7535267.789033447)
38601,2023,36,82,-3.11258804,55.88354594,POINT (-346491.7156620334 7535267.789033447)
38602,2024,36,79,-3.11258804,55.88354594,POINT (-346491.7156620334 7535267.789033447)
38739,2018,36,19,-3.09274906,55.88866564,POINT (-344283.2505105755 7536283.983704093)
38740,2019,36,21,-3.09274906,55.88866564,POINT (-344283.2505105755 7536283.983704093)
38743,2022,36,17,-3.09274906,55.88866564,POINT (-344283.2505105755 7536283.983704093)
38744,2023,36,17,-3.09274906,55.88866564,POINT (-344283.2505105755 7536283.983704093)
38745,2024,36,17,-3.09274906,55.88866564,POINT (-344283.2505105755 7536283.983704093)
39022,2018,29,72,-3.20423516,55.90056455,POINT (-356693.8263931035 7538646.282417678)
39023,2019,29,77,-3.20423516,55.90056455,POINT (-356693.8263931035 7538646.282417678)
39026,2022,29,65,-3.20423516,55.90056455,POINT (-356693.8263931035 7538646.282417678)
39027,2023,29,63,-3.20423516,55.90056455,POINT (-356693.8263931035 7538646.282417678)
39028,2024,29,64,-3.20423516,55.90056455,POINT (-356693.8263931035 7538646.282417678)
39047,2018,29,125,-3.16112998,55.89244278,POINT (-351895.3797049511 7537033.783402993)
39048,2019,29,134,-3.16112998,55.89244278,POINT (-351895.3797049511 7537033.783402993)
39051,2022,29,112,-3.16112998,55.89244278,POINT (-351895.3797049511 7537033.783402993)
39052,2023,29,110,-3.16112998,55.89244278,POINT (-351895.3797049511 7537033.783402993)
39053,2024,29,111,-3.16112998,55.89244278,POINT (-351895.3797049511 7537033.783402993)
39072,2018,29,172,-3.1291817,55.90451069,POINT (-348338.91344363015 7539429.87228288)
39073,2019,29,169,-3.1291817,55.90451069,POINT (-348338.91344363015 7539429.87228288)
39076,2022,29,158,-3.1291817,55.90451069,POINT (-348338.91344363015 7539429.87228288)
39077,2023,29,150,-3.1291817,55.90451069,POINT (-348338.91344363015 7539429.87228288)
39078,2024,29,144,-3.1291817,55.90451069,POINT (-348338.91344363015 7539429.87228288)
39097,2018,29,154,-3.30292995,55.92004652,POINT (-367680.48015985254 7542515.616140216)
39098,2019,29,165,-3.30292995,55.92004652,POINT (-367680.48015985254 7542515.616140216)
39101,2022,29,38,-3.30292995,55.92004652,POINT (-367680.48015985254 7542515.616140216)
39102,2023,29,37,-3.30292995,55.92004652,POINT (-367680.48015985254 7542515.616140216)
39103,2024,29,47,-3.30292995,55.92004652,POINT (-367680.48015985254 7542515.616140216)
39122,2018,34,12,-3.0511214,55.93970572,POINT (-339649.28059646 7546422.121511497)
39123,2019,34,12,-3.0511214,55.93970572,POINT (-339649.28059646 7546422.121511497)
39126,2022,34,78,-3.0511214,55.93970572,POINT (-339649.28059646 7546422.121511497)
39127,2023,34,77,-3.0511214,55.93970572,POINT (-339649.28059646 7546422.121511497)
39128,2024,34,78,-3.0511214,55.93970572,POINT (-339649.28059646 7546422.121511497)
39222,2018,29,0,-3.3118443,55.96128461,POINT (-368672.82106260554 7550712.374241753)
39223,2019,29,0,-3.3118443,55.96128461,POINT (-368672.82106260554 7550712.374241753)
43936,2018,34,0,-3.06177222,55.9252379,POINT (-340834.9244553908 7543547.009490835)
43937,2019,34,0,-3.06177222,55.9252379,POINT (-340834.9244553908 7543547.009490835)
43940,2022,34,0,-3.06177222,55.9252379,POINT (-340834.9244553908 7543547.009490835)
43941,2023,34,0,-3.06177222,55.9252379,POINT (-340834.9244553908 7543547.009490835)
43942,2024,34,0,-3.06177222,55.9252379,POINT (-340834.9244553908 7543547.009490835)
43961,2018,29,0,-3.08996005,55.93173055,POINT (-343972.7793375582 7544837.126100585)
43962,2019,29,0,-3.08996005,55.93173055,POINT (-343972.7793375582 7544837.126100585)
43965,2022,29,0,-3.08996005,55.93173055,POINT (-343972.7793375582 7544837.126100585)
43966,2023,29,0,-3.08996005,55.93173055,POINT (-343972.7793375582 7544837.126100585)
43967,2024,29,0,-3.08996005,55.93173055,POINT (-343972.7793375582 7544837.126100585)
43986,2018,29,63,-3.11755128,55.94496101,POINT (-347044.2210115182 7547466.742901304)
43987,2019,29,69,-3.11755128,55.94496101,POINT (-347044.2210115182 7547466.742901304)
43990,2022,29,58,-3.11755128,55.94496101,POINT (-347044.2210115182 7547466.742901304)
43991,2023,29,57,-3.11755128,55.94496101,POINT (-347044.2210115182 7547466.742901304)
43992,2024,29,58,-3.11755128,55.94496101,POINT (-347044.2210115182 7547466.742901304)
44136,2018,34,136,-3.05828379,55.94404709,POINT (-340446.5942041228 7547285.0680765845)
44137,2019,34,149,-3.05828379,55.94404709,POINT (-340446.5942041228 7547285.0680765845)
44140,2022,34,125,-3.05828379,55.94404709,POINT (-340446.5942041228 7547285.0680765845)
44141,2023,34,123,-3.05828379,55.94404709,POINT (-340446.5942041228 7547285.0680765845)
44142,2024,34,76,-3.05852023,55.94391028,POINT (-340472.914584526 7547257.872484412)
44161,2018,34,418,-3.0743433,55.94579489,POINT (-342234.33067971223 7547632.5106068915)
44162,2019,34,459,-3.0743433,55.94579489,POINT (-342234.33067971223 7547632.5106068915)
44165,2022,34,383,-3.0743433,55.94579489,POINT (-342234.33067971223 7547632.5106068915)
44166,2023,34,377,-3.0743433,55.94579489,POINT (-342234.33067971223 7547632.5106068915)
44167,2024,34,381,-3.0743433,55.94579489,POINT (-342234.33067971223 7547632.5106068915)
44186,2018,29,80,-3.09035381,55.94574401,POINT (-344016.6125002529 7547622.3960267035)
44187,2019,29,87,-3.09035381,55.94574401,POINT (-344016.6125002529 7547622.3960267035)
44190,2022,29,73,-3.09035381,55.94574401,POINT (-344016.6125002529 7547622.3960267035)
44191,2023,29,72,-3.09035381,55.94574401,POINT (-344016.6125002529 7547622.3960267035)
44192,2024,29,73,-3.09035381,55.94574401,POINT (-344016.6125002529 7547622.3960267035)
44211,2018,29,123,-3.11048497,55.9442163,POINT (-346257.6029805308 7547318.704392152)
44212,2019,29,135,-3.11048497,55.9442163,POINT (-346257.6029805308 7547318.704392152)
44215,2022,29,113,-3.11048497,55.9442163,POINT (-346257.6029805308 7547318.704392152)
44216,2023,29,111,-3.11048497,55.9442163,POINT (-346257.6029805308 7547318.704392152)
44217,2024,29,113,-3.11048497,55.9442163,POINT (-346257.6029805308 7547318.704392152)
44236,2018,29,69,-3.10681274,55.93337714,POINT (-345848.81220685504 7545164.344759584)
44237,2019,29,76,-3.10681274,55.93337714,POINT (-345848.81220685504 7545164.344759584)
44240,2022,29,63,-3.10681274,55.93337714,POINT (-345848.81220685504 7545164.344759584)
44241,2023,29,62,-3.10681274,55.93337714,POINT (-345848.81220685504 7545164.344759584)
44242,2024,29,63,-3.10681274,55.93337714,POINT (-345848.81220685504 7545164.344759584)
44286,2018,29,0,-3.10133963,55.93791889,POINT (-345239.5483885995 7546066.9762842795)
44287,2019,29,0,-3.10133963,55.93791889,POINT (-345239.5483885995 7546066.9762842795)
44290,2022,29,0,-3.10133963,55.93791889,POINT (-345239.5483885995 7546066.9762842795)
44291,2023,29,0,-3.10097256,55.93795812,POINT (-345198.686343114 7546074.773351142)
44292,2024,29,0,-3.10097256,55.93795812,POINT (-345198.686343114 7546074.773351142)
44311,2018,29,43,-3.12236897,55.95320158,POINT (-347580.5238091181 7549105.049414141)
44312,2019,29,48,-3.12236897,55.95320158,POINT (-347580.5238091181 7549105.049414141)
44315,2022,29,95,-3.12236897,55.95320158,POINT (-347580.5238091181 7549105.049414141)
44316,2023,29,94,-3.12236897,55.95320158,POINT (-347580.5238091181 7549105.049414141)
44317,2024,29,95,-3.12236897,55.95320158,POINT (-347580.5238091181 7549105.049414141)
44386,2018,29,220,-3.31913272,55.94009114,POINT (-369484.16426569305 7546498.728637874)
44387,2019,29,241,-3.31913272,55.94009114,POINT (-369484.16426569305 7546498.728637874)
44390,2022,29,202,-3.31913272,55.94009114,POINT (-369484.16426569305 7546498.728637874)
44391,2023,29,198,-3.31913272,55.94009114,POINT (-369484.16426569305 7546498.728637874)
44392,2024,29,201,-3.31913272,55.94009114,POINT (-369484.16426569305 7546498.728637874)
44411,2018,36,23,-3.07937517,55.87341855,POINT (-342794.47588585026 7533258.026967696)
44412,2019,36,26,-3.07937517,55.87341855,POINT (-342794.47588585026 7533258.026967696)
44431,2018,36,6,-3.08708598,55.88053903,POINT (-343652.83932865394 7534671.018507677)
44432,2019,36,35,-3.08385447,55.87758437,POINT (-343293.1092809605 7534084.662874279)
44451,2018,36,290,-3.09235122,55.88588368,POINT (-344238.9631643583 7535731.783758098)
44452,2019,36,351,-3.09235122,55.88588368,POINT (-344238.9631643583 7535731.783758098)
44455,2022,36,328,-3.09235122,55.88588368,POINT (-344238.9631643583 7535731.783758098)
44456,2023,36,311,-3.09235122,55.88588368,POINT (-344238.9631643583 7535731.783758098)
44457,2024,36,298,-3.09235122,55.88588368,POINT (-344238.9631643583 7535731.783758098)
44476,2018,36,108,-3.09574265,55.89504565,POINT (-344616.49542501936 7537550.521355378)
44477,2019,36,131,-3.09574265,55.89504565,POINT (-344616.49542501936 7537550.521355378)
44480,2022,36,123,-3.09574265,55.89504565,POINT (-344616.49542501936 7537550.521355378)
44481,2023,36,116,-3.09574265,55.89504565,POINT (-344616.49542501936 7537550.521355378)
44482,2024,36,111,-3.09574265,55.89504565,POINT (-344616.49542501936 7537550.521355378)
44501,2018,36,19,-3.09500613,55.89614844,POINT (-344534.50639366027 7537769.4645447815)
44502,2019,36,23,-3.09500613,55.89614844,POINT (-344534.50639366027 7537769.4645447815)
44505,2022,36,21,-3.09500613,55.89614844,POINT (-344534.50639366027 7537769.4645447815)
44506,2023,36,20,-3.09500613,55.89614844,POINT (-344534.50639366027 7537769.4645447815)
44507,2024,36,19,-3.09500613,55.89614844,POINT (-344534.50639366027 7537769.4645447815)
44526,2018,36,13,-3.09174852,55.88149514,POINT (-344171.87090725714 7534860.769180478)
44527,2019,36,15,-3.09174852,55.88149514,POINT (-344171.87090725714 7534860.769180478)
44530,2022,36,12,-3.09174852,55.88149514,POINT (-344171.87090725714 7534860.769180478)
44531,2023,36,12,-3.09174852,55.88149514,POINT (-344171.87090725714 7534860.769180478)
44532,2024,36,12,-3.09174852,55.88149514,POINT (-344171.87090725714 7534860.769180478)
44551,2018,36,6,-3.08624001,55.88458996,POINT (-343558.66637902753 7535475.00270964)
44552,2019,36,6,-3.08624001,55.88458996,POINT (-343558.66637902753 7535475.00270964)
44555,2022,36,66,-3.08624001,55.88458996,POINT (-343558.66637902753 7535475.00270964)
44556,2023,36,65,-3.08624001,55.88458996,POINT (-343558.66637902753 7535475.00270964)
44557,2024,36,66,-3.08624001,55.88458996,POINT (-343558.66637902753 7535475.00270964)
44576,2018,36,3,-3.10467099,55.88622298,POINT (-345610.3936874485 7535799.130357529)
44577,2019,36,3,-3.10467099,55.88622298,POINT (-345610.3936874485 7535799.130357529)
44580,2022,36,3,-3.10467099,55.88622298,POINT (-345610.3936874485 7535799.130357529)
44581,2023,36,3,-3.10467099,55.88622298,POINT (-345610.3936874485 7535799.130357529)
44582,2024,36,3,-3.10467099,55.88622298,POINT (-345610.3936874485 7535799.130357529)
44601,2018,36,20,-3.08876299,55.88906039,POINT (-343839.5232279092 7536362.342073743)
44602,2019,36,22,-3.08876299,55.88906039,POINT (-343839.5232279092 7536362.342073743)
44605,2022,36,18,-3.08876299,55.88906039,POINT (-343839.5232279092 7536362.342073743)
44606,2023,36,18,-3.08876299,55.88906039,POINT (-343839.5232279092 7536362.342073743)
44607,2024,36,18,-3.08876299,55.88906039,POINT (-343839.5232279092 7536362.342073743)
44646,2018,29,161,-3.09005349,55.93505427,POINT (-343983.18103077787 7545497.646777547)
44647,2019,29,177,-3.09005349,55.93505427,POINT (-343983.18103077787 7545497.646777547)
44650,2022,29,148,-3.09005349,55.93505427,POINT (-343983.18103077787 7545497.646777547)
44651,2023,29,145,-3.09005349,55.93505427,POINT (-343983.18103077787 7545497.646777547)
44652,2024,29,147,-3.09005349,55.93505427,POINT (-343983.18103077787 7545497.646777547)
44671,2018,34,127,-3.0581786,55.94018439,POINT (-340434.88450688624 7546517.2633757545)
44672,2019,34,140,-3.0581786,55.94018439,POINT (-340434.88450688624 7546517.2633757545)
44675,2022,34,117,-3.0581786,55.94018439,POINT (-340434.88450688624 7546517.2633757545)
44676,2023,34,115,-3.0581786,55.94018439,POINT (-340434.88450688624 7546517.2633757545)
44677,2024,34,116,-3.0581786,55.94018439,POINT (-340434.88450688624 7546517.2633757545)
45021,2018,36,71,-3.07131426,55.89406569,POINT (-341897.1394893198 7537355.969528387)
45022,2019,36,78,-3.07131426,55.89406569,POINT (-341897.1394893198 7537355.969528387)
45025,2022,36,65,-3.07131426,55.89406569,POINT (-341897.1394893198 7537355.969528387)
45026,2023,36,64,-3.07131426,55.89406569,POINT (-341897.1394893198 7537355.969528387)
45027,2024,36,65,-3.07131426,55.89406569,POINT (-341897.1394893198 7537355.969528387)
45046,2018,36,48,-3.05700168,55.8969749,POINT (-340303.8703717818 7537933.550442586)
45047,2019,36,52,-3.05700168,55.8969749,POINT (-340303.8703717818 7537933.550442586)
45050,2022,36,44,-3.05700168,55.8969749,POINT (-340303.8703717818 7537933.550442586)
45051,2023,36,43,-3.05700168,55.8969749,POINT (-340303.8703717818 7537933.550442586)
45052,2024,36,43,-3.05700168,55.8969749,POINT (-340303.8703717818 7537933.550442586)
45071,2018,36,33,-3.15236649,55.87724972,POINT (-350919.8324605791 7534018.2540149335)
45072,2019,36,37,-3.15236649,55.87724972,POINT (-350919.8324605791 7534018.2540149335)
45075,2022,36,31,-3.15236649,55.87724972,POINT (-350919.8324605791 7534018.2540149335)
45076,2023,36,30,-3.15236649,55.87724972,POINT (-350919.8324605791 7534018.2540149335)
45077,2024,36,30,-3.15236649,55.87724972,POINT (-350919.8324605791 7534018.2540149335)
45096,2018,36,73,-3.12058928,55.88383281,POINT (-347382.4096245482 7535324.725497815)
45097,2019,36,88,-3.12058928,55.88383281,POINT (-347382.4096245482 7535324.725497815)
45100,2022,36,82,-3.12058928,55.88383281,POINT (-347382.4096245482 7535324.725497815)
45101,2023,36,78,-3.12058928,55.88383281,POINT (-347382.4096245482 7535324.725497815)
45102,2024,36,75,-3.12058928,55.88383281,POINT (-347382.4096245482 7535324.725497815)
45121,2018,29,181,-3.13869006,55.95599885,POINT (-349397.3792371093 7549661.253529568)
45122,2019,29,199,-3.13869006,55.95599885,POINT (-349397.3792371093 7549661.253529568)
45125,2022,29,166,-3.13869006,55.95599885,POINT (-349397.3792371093 7549661.253529568)
45126,2023,29,163,-3.13869006,55.95599885,POINT (-349397.3792371093 7549661.253529568)
45127,2024,29,165,-3.13869006,55.95599885,POINT (-349397.3792371093 7549661.253529568)
45146,2018,29,70,-3.2041934,55.89921715,POINT (-356689.1776911679 7538378.745800826)
45147,2019,29,76,-3.2041934,55.89921715,POINT (-356689.1776911679 7538378.745800826)
45150,2022,29,64,-3.2041934,55.89921715,POINT (-356689.1776911679 7538378.745800826)
45151,2023,29,63,-3.2041934,55.89921715,POINT (-356689.1776911679 7538378.745800826)
45152,2024,29,64,-3.2041934,55.89921715,POINT (-356689.1776911679 7538378.745800826)
45171,2018,29,159,-3.18667759,55.95401879,POINT (-354739.3266411362 7549267.537819293)
45172,2019,29,174,-3.18667759,55.95401879,POINT (-354739.3266411362 7549267.537819293)
45175,2022,29,145,-3.18667759,55.95401879,POINT (-354739.3266411362 7549267.537819293)
45176,2023,29,143,-3.18667759,55.95401879,POINT (-354739.3266411362 7549267.537819293)
45177,2024,29,145,-3.18654291,55.95380444,POINT (-354724.3341321162 7549224.917610498)
45196,2018,29,419,-3.21874906,55.95532333,POINT (-358309.506350528 7549526.930671713)
45197,2019,29,460,-3.21874906,55.95532333,POINT (-358309.506350528 7549526.930671713)
45200,2022,29,384,-3.21874906,55.95532333,POINT (-358309.506350528 7549526.930671713)
45201,2023,29,378,-3.21874906,55.95532333,POINT (-358309.506350528 7549526.930671713)
45202,2024,29,383,-3.21874906,55.95532333,POINT (-358309.506350528 7549526.930671713)
45221,2018,36,114,-3.1993951,55.88884103,POINT (-356155.03337849455 7536318.798740475)
45222,2019,36,127,-3.1993951,55.88884103,POINT (-356155.03337849455 7536318.798740475)
45225,2022,36,121,-3.1993951,55.88884103,POINT (-356155.03337849455 7536318.798740475)
45226,2023,36,106,-3.1993951,55.88884103,POINT (-356155.03337849455 7536318.798740475)
45227,2024,36,107,-3.1993951,55.88884103,POINT (-356155.03337849455 7536318.798740475)
48260,2018,29,36,-3.32631178,55.91593314,POINT (-370283.3335692675 7541698.491674108)
48261,2019,29,43,-3.32631178,55.91593314,POINT (-370283.3335692675 7541698.491674108)
48264,2022,29,43,-3.32631178,55.91593314,POINT (-370283.3335692675 7541698.491674108)
48265,2023,29,38,-3.32631178,55.91593314,POINT (-370283.3335692675 7541698.491674108)
48266,2024,29,40,-3.32631178,55.91593314,POINT (-370283.3335692675 7541698.491674108)
48844,2018,36,20,-3.07217133,55.86719167,POINT (-341992.5480852941 7532022.574201701)
48845,2019,36,22,-3.07217133,55.86719167,POINT (-341992.5480852941 7532022.574201701)
49888,2018,29,157,-3.28574929,55.92310249,POINT (-365767.9378371602 7543122.741858369)
49889,2019,29,172,-3.28574929,55.92310249,POINT (-365767.9378371602 7543122.741858369)
49892,2022,29,39,-3.28574929,55.92310249,POINT (-365767.9378371602 7543122.741858369)
49893,2023,29,39,-3.28574929,55.92310249,POINT (-365767.9378371602 7543122.741858369)
49894,2024,29,49,-3.28574929,55.92310249,POINT (-365767.9378371602 7543122.741858369)
51106,2018,36,22,-3.10129974,55.89703574,POINT (-345235.1078541117 7537945.629793287)
51107,2019,36,27,-3.10129974,55.89703574,POINT (-345235.1078541117 7537945.629793287)
51110,2022,36,25,-3.10129974,55.89703574,POINT (-345235.1078541117 7537945.629793287)
51111,2023,36,24,-3.10129974,55.89703574,POINT (-345235.1078541117 7537945.629793287)
51112,2024,36,23,-3.10129974,55.89703574,POINT (-345235.1078541117 7537945.629793287)
52101,2018,29,0,-3.30671533,55.92126435,POINT (-368101.86673391156 7542757.55515854)
52102,2019,29,0,-3.30671533,55.92126435,POINT (-368101.86673391156 7542757.55515854)
52105,2022,29,0,-3.30671533,55.92126435,POINT (-368101.86673391156 7542757.55515854)
52106,2023,29,0,-3.30671533,55.92126435,POINT (-368101.86673391156 7542757.55515854)
52107,2024,29,0,-3.30671533,55.92126435,POINT (-368101.86673391156 7542757.55515854)
52526,2018,29,0,-3.29215721,55.91369054,POINT (-366481.2642286042 7541253.034868199)
52527,2019,29,0,-3.29215721,55.91369054,POINT (-366481.2642286042 7541253.034868199)
52530,2022,29,1,-3.29215721,55.91369054,POINT (-366481.2642286042 7541253.034868199)
52531,2023,29,0,-3.29215721,55.91369054,POINT (-366481.2642286042 7541253.034868199)
52532,2024,29,0,-3.29215721,55.91369054,POINT (-366481.2642286042 7541253.034868199)
52551,2018,29,0,-3.10663941,55.89923421,POINT (-345829.5171995159 7538382.133136751)
52552,2019,29,0,-3.10663941,55.89923421,POINT (-345829.5171995159 7538382.133136751)
52555,2022,29,0,-3.10663941,55.89923421,POINT (-345829.5171995159 7538382.133136751)
52556,2023,29,0,-3.10663941,55.89923421,POINT (-345829.5171995159 7538382.133136751)
52557,2024,29,0,-3.10663941,55.89923421,POINT (-345829.5171995159 7538382.133136751)
52576,2018,34,0,-3.062176,55.92244895,POINT (-340879.8730393833 7542992.89986433)
52577,2019,34,0,-3.062176,55.92244895,POINT (-340879.8730393833 7542992.89986433)
52580,2022,34,0,-3.062176,55.92244895,POINT (-340879.8730393833 7542992.89986433)
52581,2023,34,1,-3.062176,55.92244895,POINT (-340879.8730393833 7542992.89986433)
52582,2024,34,1,-3.062176,55.92244895,POINT (-340879.8730393833 7542992.89986433)
53321,2018,36,0,-3.06460983,55.91550018,POINT (-341150.8057556607 7541612.489052242)
53322,2019,36,0,-3.06460983,55.91550018,POINT (-341150.8057556607 7541612.489052242)
53325,2022,36,0,-3.06460983,55.91550018,POINT (-341150.8057556607 7541612.489052242)
53326,2023,36,1,-3.06460983,55.91550018,POINT (-341150.8057556607 7541612.489052242)
53327,2024,36,1,-3.06460983,55.91550018,POINT (-341150.8057556607 7541612.489052242)
55396,2018,29,0,-3.32052527,55.93396615,POINT (-369639.18222259724 7545281.399170817)
55397,2019,29,0,-3.32052527,55.93396615,POINT (-369639.18222259724 7545281.399170817)
55400,2022,29,0,-3.32052527,55.93396615,POINT (-369639.18222259724 7545281.399170817)
55401,2023,29,0,-3.32052527,55.93396615,POINT (-369639.18222259724 7545281.399170817)
55402,2024,29,0,-3.32052527,55.93396615,POINT (-369639.18222259724 7545281.399170817)
55403,2018,36,12,-3.06970566,55.89372026,POINT (-341718.07095642976 7537287.392351983)
55404,2019,36,13,-3.06970566,55.89372026,POINT (-341718.07095642976 7537287.392351983)
55407,2022,36,47,-3.06970566,55.89372026,POINT (-341718.07095642976 7537287.392351983)
55408,2023,36,46,-3.06970566,55.89372026,POINT (-341718.07095642976 7537287.392351983)
55409,2024,36,47,-3.06970566,55.89372026,POINT (-341718.07095642976 7537287.392351983)
55417,2018,36,46,-3.07296495,55.89593825,POINT (-342080.89345957735 7537727.73384506)
55418,2019,36,51,-3.07296495,55.89593825,POINT (-342080.89345957735 7537727.73384506)
55421,2022,36,42,-3.07296495,55.89593825,POINT (-342080.89345957735 7537727.73384506)
55422,2023,36,42,-3.07296495,55.89593825,POINT (-342080.89345957735 7537727.73384506)
55423,2024,36,42,-3.07296495,55.89593825,POINT (-342080.89345957735 7537727.73384506)
55424,2018,36,9,-3.05683059,55.89068656,POINT (-340284.824720102 7536685.147261485)
55425,2019,36,10,-3.05683059,55.89068656,POINT (-340284.824720102 7536685.147261485)
55428,2022,36,9,-3.05683059,55.89068656,POINT (-340284.824720102 7536685.147261485)
55429,2023,36,8,-3.05683059,55.89068656,POINT (-340284.824720102 7536685.147261485)
55430,2024,36,8,-3.05683059,55.89068656,POINT (-340284.824720102 7536685.147261485)
55431,2018,36,24,-3.08902716,55.8984928,POINT (-343868.930497792 7538234.924386419)
55432,2019,36,29,-3.08902716,55.8984928,POINT (-343868.930497792 7538234.924386419)
55435,2022,36,27,-3.08902716,55.8984928,POINT (-343868.930497792 7538234.924386419)
55436,2023,36,26,-3.08902716,55.8984928,POINT (-343868.930497792 7538234.924386419)
55437,2024,36,25,-3.08902716,55.8984928,POINT (-343868.930497792 7538234.924386419)
55438,2018,36,23,-3.08098579,55.89685646,POINT (-342973.76928411174 7537910.03507455)
55439,2019,36,28,-3.08098579,55.89685646,POINT (-342973.76928411174 7537910.03507455)
55442,2022,36,26,-3.08098579,55.89685646,POINT (-342973.76928411174 7537910.03507455)
55443,2023,36,25,-3.08098579,55.89685646,POINT (-342973.76928411174 7537910.03507455)
55444,2024,36,24,-3.08098579,55.89685646,POINT (-342973.76928411174 7537910.03507455)
55477,2018,34,0,-3.05152818,55.91158714,POINT (-339694.5631389249 7540835.251342865)
55478,2019,34,0,-3.05152818,55.91158714,POINT (-339694.5631389249 7540835.251342865)
55481,2018,36,0,-3.06084925,55.91313354,POINT (-340732.1799049733 7541142.399675599)
55482,2019,36,0,-3.06084925,55.91313354,POINT (-340732.1799049733 7541142.399675599)
55485,2022,36,0,-3.05729702,55.91252613,POINT (-340336.7474701927 7541021.753511729)
55486,2023,36,0,-3.05729702,55.91252613,POINT (-340336.7474701927 7541021.753511729)
55487,2024,36,0,-3.05729702,55.91252613,POINT (-340336.7474701927 7541021.753511729)
55993,2019,29,0,-3.21857142,55.89871622,POINT (-358289.7315561834 7538279.284672122)
55996,2022,29,0,-3.21857142,55.89871622,POINT (-358289.7315561834 7538279.284672122)
55997,2023,29,0,-3.21857142,55.89871622,POINT (-358289.7315561834 7538279.284672122)
55998,2024,29,0,-3.21857142,55.89871622,POINT (-358289.7315561834 7538279.284672122)
56218,2022,29,120,-3.31461889,55.96280055,POINT (-368981.6870085657 7551013.858975698)
56219,2023,29,118,-3.31461889,55.96280055,POINT (-368981.6870085657 7551013.858975698)
56220,2024,29,119,-3.31461889,55.96280055,POINT (-368981.6870085657 7551013.858975698)
56223,2022,29,0,-3.32895101,55.97152476,POINT (-370577.13130895374 7552749.128291712)
56224,2023,29,0,-3.32895101,55.97152476,POINT (-370577.13130895374 7552749.128291712)
56225,2024,29,0,-3.32895101,55.97152476,POINT (-370577.13130895374 7552749.128291712)
56228,2022,34,0,-3.06041338,55.92646264,POINT (-340683.65907852125 7543790.353891298)
56229,2023,34,0,-3.06041338,55.92646264,POINT (-340683.65907852125 7543790.353891298)
56230,2024,34,0,-3.06041338,55.92646264,POINT (-340683.65907852125 7543790.353891298)
56558,2022,29,502,-3.1792438,55.96235637,POINT (-353911.8009236721 7550925.52082026)
56577,2022,34,0,-3.05131904,55.91154399,POINT (-339671.28178062034 7540826.680999552)
56578,2023,34,0,-3.05131904,55.91154399,POINT (-339671.28178062034 7540826.680999552)
56579,2024,34,0,-3.05131904,55.91154399,POINT (-339671.28178062034 7540826.680999552)
56580,2022,36,2,-3.04497475,55.91001657,POINT (-338965.0386483755 7540523.314865609)
56581,2023,36,0,-3.04604122,55.91041186,POINT (-339083.7575457218 7540601.823624511)
56582,2024,36,0,-3.04604122,55.91041186,POINT (-339083.7575457218 7540601.823624511)
56586,2022,36,55,-3.04809344,55.90583881,POINT (-339312.2096311176 7539693.616633407)
56587,2023,36,52,-3.04809344,55.90583881,POINT (-339312.2096311176 7539693.616633407)
56588,2024,36,28,-3.04809344,55.90583881,POINT (-339312.2096311176 7539693.616633407)
56589,2022,36,55,-3.04640352,55.90960908,POINT (-339124.0885972362 7540442.383895891)
56590,2023,36,52,-3.04640352,55.90960908,POINT (-339124.0885972362 7540442.383895891)
56591,2024,36,15,-3.04640764,55.9097618,POINT (-339124.54723353824 7540472.715283393)
56595,2022,36,0,-3.04503614,55.90873114,POINT (-338971.87255191535 7540268.020456452)
56596,2023,36,0,-3.04503614,55.90873114,POINT (-338971.87255191535 7540268.020456452)
56597,2024,36,0,-3.04503614,55.90873114,POINT (-338971.87255191535 7540268.020456452)
56601,2022,34,55,-3.04586889,55.91114114,POINT (-339064.5738578734 7540746.668416754)
56602,2023,34,52,-3.04586889,55.91114114,POINT (-339064.5738578734 7540746.668416754)
56603,2024,34,50,-3.04586889,55.91114114,POINT (-339064.5738578734 7540746.668416754)
56631,2023,29,493,-3.1792438,55.96235637,POINT (-353911.8009236721 7550925.52082026)
56632,2024,29,1336,-3.18048348,55.9615089,POINT (-354049.8014700187 7550756.979491695)
56746,2018,29,82,-3.29452242,55.94767559,POINT (-366744.5582014233 7548006.389643603)
56747,2019,29,100,-3.29452242,55.94767559,POINT (-366744.5582014233 7548006.389643603)
56829,2018,29,19,-3.22516627,55.91716113,POINT (-359023.86690004147 7541942.423265875)
56830,2019,29,22,-3.22516627,55.91716113,POINT (-359023.86690004147 7541942.423265875)
56887,2018,29,51,-3.17188813,55.92941433,POINT (-353092.97148482874 7544376.858732652)
56888,2019,29,59,-3.17188813,55.92941433,POINT (-353092.97148482874 7544376.858732652)
56891,2022,29,53,-3.17188813,55.92941433,POINT (-353092.97148482874 7544376.858732652)
56892,2023,29,44,-3.17188813,55.92941433,POINT (-353092.97148482874 7544376.858732652)
56893,2024,29,51,-3.17188813,55.92941433,POINT (-353092.97148482874 7544376.858732652)
56919,2018,29,20,-3.19930471,55.97186688,POINT (-356144.97120972176 7552817.184871709)
56920,2019,29,23,-3.19930471,55.97186688,POINT (-356144.97120972176 7552817.184871709)
56923,2022,29,29,-3.19930471,55.97186688,POINT (-356144.97120972176 7552817.184871709)
56924,2023,29,25,-3.19930471,55.97186688,POINT (-356144.97120972176 7552817.184871709)
56925,2024,29,36,-3.19930471,55.97186688,POINT (-356144.97120972176 7552817.184871709)
56944,2018,29,88,-3.2656409,55.96355666,POINT (-363529.48210168764 7551164.235846588)
56945,2019,29,102,-3.2656409,55.96355666,POINT (-363529.48210168764 7551164.235846588)
56948,2022,29,65,-3.2656409,55.96355666,POINT (-363529.48210168764 7551164.235846588)
56949,2023,29,59,-3.2656409,55.96355666,POINT (-363529.48210168764 7551164.235846588)
56950,2024,29,79,-3.2656409,55.96355666,POINT (-363529.48210168764 7551164.235846588)
57149,2018,29,6,-3.28829579,55.93713829,POINT (-366051.4129204652 7545911.831599401)
57150,2019,29,7,-3.28829579,55.93713829,POINT (-366051.4129204652 7545911.831599401)
57153,2018,29,10,-3.15810133,55.92330893,POINT (-351558.23192916 7543163.756759709)
57154,2019,29,11,-3.15810133,55.92330893,POINT (-351558.23192916 7543163.756759709)
57157,2022,29,41,-3.15810133,55.92330893,POINT (-351558.23192916 7543163.756759709)
57158,2023,29,55,-3.15810133,55.92330893,POINT (-351558.23192916 7543163.756759709)
57159,2024,29,29,-3.15810133,55.92330893,POINT (-351558.23192916 7543163.756759709)
57280,2018,29,15,-3.2329133,55.91070391,POINT (-359886.26233480166 7540659.828345721)
57281,2019,29,17,-3.2329133,55.91070391,POINT (-359886.26233480166 7540659.828345721)
57284,2022,29,20,-3.2329133,55.91070391,POINT (-359886.26233480166 7540659.828345721)
57285,2023,29,30,-3.2329133,55.91070391,POINT (-359886.26233480166 7540659.828345721)
57286,2024,29,32,-3.2329133,55.91070391,POINT (-359886.26233480166 7540659.828345721)
57391,2018,29,39,-3.16716494,55.96392685,POINT (-352567.18837910885 7551237.861144375)
57392,2019,29,45,-3.16716494,55.96392685,POINT (-352567.18837910885 7551237.861144375)
57420,2018,29,294,-3.189699,55.92618865,POINT (-355075.6684638139 7543735.913969247)
57421,2019,29,340,-3.189699,55.92618865,POINT (-355075.6684638139 7543735.913969247)
58177,2019,29,25,-3.31756054,55.89567492,POINT (-369309.1499886577 7537675.453155683)
58445,2019,29,65,-3.31815685,55.9377564,POINT (-369375.5309142126 7546034.681048597)
58473,2019,29,35,-3.30150702,55.94442105,POINT (-367522.080316818 7547359.405703324)
58495,2019,36,15,-3.10560903,55.8714336,POINT (-345714.81582259224 7532864.178699885)
58595,2019,29,52,-3.23241655,55.97262736,POINT (-359830.9643777501 7552968.4663094785)
58751,2019,36,0,-3.18168175,55.86676431,POINT (-354183.19227625156 7531937.790511636)
58754,2022,36,10,-3.18168175,55.86676431,POINT (-354183.19227625156 7531937.790511636)
58755,2023,36,9,-3.18168175,55.86676431,POINT (-354183.19227625156 7531937.790511636)
58756,2024,36,0,-3.18168175,55.86676431,POINT (-354183.19227625156 7531937.790511636)
58785,2019,29,55,-3.25190625,55.97031027,POINT (-362000.5478574638 7552507.53945421)
58788,2022,29,50,-3.25190625,55.97031027,POINT (-362000.5478574638 7552507.53945421)
58789,2023,29,56,-3.25190625,55.97031027,POINT (-362000.5478574638 7552507.53945421)
58790,2024,29,55,-3.25190625,55.97031027,POINT (-362000.5478574638 7552507.53945421)
58809,2019,29,0,-3.13575782,55.91552916,POINT (-349070.96377342555 7541618.2455724655)
58824,2019,29,20,-3.30511319,55.89883566,POINT (-367923.51732493204 7538302.999719737)
58839,2019,29,23,-3.3131127,55.93582449,POINT (-368814.01870472776 7545650.720176104)
58842,2022,29,28,-3.3131127,55.93582449,POINT (-368814.01870472776 7545650.720176104)
58843,2023,29,17,-3.3131127,55.93582449,POINT (-368814.01870472776 7545650.720176104)
58844,2024,29,17,-3.3131127,55.93582449,POINT (-368814.01870472776 7545650.720176104)
58848,2019,29,26,-3.2764702,55.96745217,POINT (-364734.9942633352 7551939.030271698)
58851,2022,29,39,-3.2764702,55.96745217,POINT (-364734.9942633352 7551939.030271698)
58852,2023,29,29,-3.2764702,55.96745217,POINT (-364734.9942633352 7551939.030271698)
58853,2024,29,15,-3.2764702,55.96745217,POINT (-364734.9942633352 7551939.030271698)
59169,2019,29,157,-3.16382785,55.91683039,POINT (-352195.70521957753 7541876.723326728)
59179,2019,29,23,-3.31062707,55.9598689,POINT (-368537.31963882723 7550430.833555536)
59188,2022,29,105,-3.27800688,55.94165752,POINT (-364906.0566984474 7546810.074426911)
59189,2023,29,88,-3.27800688,55.94165752,POINT (-364906.0566984474 7546810.074426911)
59190,2024,29,94,-3.27800688,55.94165752,POINT (-364906.0566984474 7546810.074426911)
59308,2018,36,15,-3.08839271,55.912947,POINT (-343798.3038468582 7541105.348165824)
59309,2019,36,19,-3.08839271,55.912947,POINT (-343798.3038468582 7541105.348165824)
59549,2018,29,89,-3.2858365,55.93055967,POINT (-365777.64600995224 7544604.451388901)
59550,2019,29,181,-3.2858365,55.93055967,POINT (-365777.64600995224 7544604.451388901)
59566,2018,29,193,-3.10634737,55.95072289,POINT (-345797.0074554246 7548612.224752556)
59567,2019,29,147,-3.10634737,55.95072289,POINT (-345797.0074554246 7548612.224752556)
60297,2018,29,20,-3.14079336,55.91320931,POINT (-349631.5175220948 7541157.449543679)
60298,2019,29,36,-3.14079336,55.91320931,POINT (-349631.5175220948 7541157.449543679)
60314,2018,29,174,-3.1624936,55.96467186,POINT (-352047.17718898656 7551386.034713219)
60315,2019,29,144,-3.1624936,55.96467186,POINT (-352047.17718898656 7551386.034713219)
60331,2018,29,148,-3.20639475,55.97521202,POINT (-356934.2308522257 7553482.652069516)
60332,2019,29,171,-3.20639475,55.97521202,POINT (-356934.2308522257 7553482.652069516)
60348,2018,29,64,-3.22667473,55.90717195,POINT (-359191.7878991235 7539958.366962448)
60349,2019,29,95,-3.22667473,55.90717195,POINT (-359191.7878991235 7539958.366962448)
60365,2018,29,100,-3.24473605,55.97653778,POINT (-361202.3648445779 7553746.408760653)
60366,2019,29,126,-3.24473605,55.97653778,POINT (-361202.3648445779 7553746.408760653)
60382,2018,29,63,-3.19456237,55.91729979,POINT (-355617.0563357532 7541969.967586838)
60383,2019,29,101,-3.19456237,55.91729979,POINT (-355617.0563357532 7541969.967586838)
61030,2018,29,38,-3.27947518,55.95656683,POINT (-365069.5071067792 7549774.194556018)
61031,2019,29,18,-3.27947518,55.95656683,POINT (-365069.5071067792 7549774.194556018)
61047,2018,29,219,-3.30757887,55.96779954,POINT (-368197.99556699116 7552008.123944938)
61048,2019,29,149,-3.30757887,55.96779954,POINT (-368197.99556699116 7552008.123944938)
62053,2018,29,224,-3.21940919,55.93098475,POINT (-358382.9916859853 7544688.921543466)
62054,2019,29,259,-3.21940919,55.93098475,POINT (-358382.9916859853 7544688.921543466)
62072,2018,29,34,-3.20014893,55.95772511,POINT (-356238.9493502393 7550004.520005989)
62073,2019,29,40,-3.20014893,55.95772511,POINT (-356238.9493502393 7550004.520005989)
62091,2018,29,44,-3.16058093,55.93557752,POINT (-351834.259738531 7545601.6370666735)
62092,2019,29,51,-3.16058093,55.93557752,POINT (-351834.259738531 7545601.6370666735)
62667,2018,36,10,-3.1164122,55.91542759,POINT (-346917.41920594545 7541598.069961292)
62668,2019,36,22,-3.1164122,55.91542759,POINT (-346917.41920594545 7541598.069961292)
62707,2018,29,32,-3.33274732,55.94912765,POINT (-370999.73460504715 7548295.068410646)
62708,2019,29,49,-3.33274732,55.94912765,POINT (-370999.73460504715 7548295.068410646)
62727,2018,29,27,-3.27532338,55.97933369,POINT (-364607.33084490366 7554302.677815153)
62728,2019,29,82,-3.27532338,55.97933369,POINT (-364607.33084490366 7554302.677815153)
62747,2018,29,96,-3.244566,55.95777857,POINT (-361183.4349651685 7550015.150761319)
62748,2019,29,85,-3.244566,55.95777857,POINT (-361183.4349651685 7550015.150761319)
62760,2018,29,95,-3.2286857,55.95198998,POINT (-359415.64805552404 7548864.149531191)
62761,2019,29,110,-3.2286857,55.95198998,POINT (-359415.64805552404 7548864.149531191)
62773,2018,29,148,-3.22205705,55.95915413,POINT (-358677.7501128772 7550288.691946132)
62774,2019,29,181,-3.22205705,55.95915413,POINT (-358677.7501128772 7550288.691946132)
62793,2018,29,183,-3.12158851,55.94836564,POINT (-347493.6433993335 7548143.574624337)
62794,2019,29,211,-3.12158851,55.94836564,POINT (-347493.6433993335 7548143.574624337)
62813,2018,36,41,-3.05278459,55.89656176,POINT (-339834.4260603524 7537851.524925421)
62814,2019,36,138,-3.05278459,55.89656176,POINT (-339834.4260603524 7537851.524925421)
63305,2018,29,102,-3.27800688,55.94165752,POINT (-364906.0566984474 7546810.074426911)
63306,2019,29,162,-3.27800688,55.94165752,POINT (-364906.0566984474 7546810.074426911)
63369,2018,29,22,-3.13888349,55.9037385,POINT (-349418.9117662134 7539276.531292787)
63370,2019,29,38,-3.13888349,55.9037385,POINT (-349418.9117662134 7539276.531292787)
64454,2018,36,32,-3.08889125,55.89364185,POINT (-343853.8010657983 7537271.825936114)
64455,2019,36,66,-3.08889125,55.89364185,POINT (-343853.8010657983 7537271.825936114)
64598,2018,36,20,-3.09508442,55.86941609,POINT (-344543.22159659443 7532463.8905959055)
64599,2019,36,8,-3.09508442,55.86941609,POINT (-344543.22159659443 7532463.8905959055)
64871,2018,29,384,-3.17734502,55.95046922,POINT (-353700.42970094364 7548561.79068429)
64872,2019,29,598,-3.17734502,55.95046922,POINT (-353700.42970094364 7548561.79068429)
